{
  "(10, 5, 10, 5)": [3.2244522201073247, -0.1, 0.7357004039528224, 3.516292353180745, 7.750427002404082, 16.526454740447335, 3.6537166074795033, 1.917215621626663, 1.409862319880007, 8.998514545434803, 3.5427929610190563, 52.83405274438635, 6.689770044428035, 8.76300732742162, 2.2678623838074077, 11.740846281869057, 5.320890220944157, 3.0677203195985268, 3.686721067650761, 12.686195240014023, 8.874695187405628, 7.829600340014596, 14.973646939094161, 3.827801332665026, 6.559471662672106, 6.099082897934313, 7.148662048566975, 10.161904719253451, 6.214822896818893, -0.19],
  "(8.0, 5, 8.0, 5)": [-0.1, -0.1, -0.1, 38.61660794838547, 0, 4.752019466898425, 0, 0, 0, 0.16131946721527132, 0, 0, 0, 0, 0, 0, 0, 0, 2.4445299466230477, 0, 0, 0, 0, 0, 0, 0, 0, 0, 0, -0.1],
  "(6.0, 5, 6.0, 5)": [-0.1, -0.1, -0.09786250000000003, 36.3943893742085, 0, 4.168777638810231, 0, 0, 0, 0, 0, 0, 0, 0, 0, 0, 0, 0, 0, 0, 0, 0, 0, 0, 0, 0, 0, -0.1, 0, 0],
  "(4.0, 5, 4.0, 5)": [-0.1, -0.1, -0.1, -0.1, 0, 0, 0, 0, 0, 0, 0, 0, 0, 0, 0, 0, 0, 0, 0, 0, 0, 0, 0, 0, 0, 0, 0, 0, 0, 0],
  "(2.0, 5, 2.0, 5)": [-5.5, -10.0, -10.0, 5.0, 0, 0, 0, 0, 0, 0, 0, 0, 0, 0, 0, 0, 0, 0, 0, 0, 0, 0, -0.1, 0, 0, 0, 0, 0, 0, 0],
  "(6.0, 3, 6.0, 3)": [11.485639836009529, 60.19389963361854, 1.4557732831158776, 14.02608730572776, 1.0844866708641787, 7.638697897662352, 1.4430970311108249, 0.42842140554316244, 4.50981264924513, -0.2229069247261125, 0, 1.810310339214211, 0, 0, 18.726336259504873, 7.9678646610587816, -0.19025, 3.4503381107068947, 0, 1.7170162249230456, 1.4814092907322187, 14.432514194574974, 2.009140110274288, 18.975980492992324, 0, 9.773030703556346, 1.1464745159878253, -0.19, 0.46911656673749996, -0.31913662112762503],
  "(4.0, 3, 4.0, 3)": [-10.0, 68.26067755299184, 0, 0, 0, 0, 0, 0, 0, 0, 0, 0, 0, 0, -0.1, 0, 0, 0, 0, 0, 0.375, 0, 0, 0, -0.1, -0.1, 1.93613252988125, 0.63909525, 0, 0],
  "(2.0, 3, 2.0, 3)": [-1.450000000000001, -10.0, -0.1, -7.022386268456275, -10.0, 15.468754602902463, 0, 0, 0, 0, 0, 0, 0, 0, 0, 0, 0, 0, 0, 0, 0, 0, 0, -3.928636285081078, 0, 0, 0, 0, 0, -0.1],
  "(8.0, 3, 8.0, 3)": [47.15559255862349, 0, 2.416221242942466, 0, 5.6110689029250045, 0, 0, 0, 0, -0.1, 0, 0, 2.8995416447003812, 3.203614072543047, 0, 0, 0, 0, 0, 0, 4.309792441446539, 3.177927424803805, 0, 0, -0.1, 0, -0.19, 0, 0, -0.1],
  "(7.0, 3, 7.0, 3)": [-0.1, -0.1, -0.1, -0.1, 26.642779870722695, 0, 0, 0, 0, 0, 0, 0, 0, 0, 0, 0, 0, 0, 0, 0, 0, 0, 0, 0, 0, 0, 0, 0, 0, 0],
  "(5.0, 3, 5.0, 3)": [-0.1, 58.90248342035014, 0, 0, 0, 0, 0, 0, 0, 0, 0, 0, 0, 4.94412060618209, 0, 0, 0, 0, 0, 0, 0, 0, 0, 0, 0, 0, 0, 0, 0, 0],
  "(3.0, 3, 3.0, 3)": [-0.1, 19.0, 0, 0, 10.0, 0, 0, 0, 0, 0, -0.1, 0, 0, 0, 0, 0, 0, 0, 0, 0, 0, 0, 0, 0, 0, 0, 0, 0, 0, 0],
  "(10.0, 3, 10.0, 3)": [-0.1, -0.1, -0.1, 1.5994702059155472, 34.30868038638853, 0, 0, -0.1, -0.1, 0, 0, 0, 0, 0, 0, 0, 0, 0, 0, -0.1, 0, 0.83575, 0, -0.019250000000000003, 0, 0.5604619934885992, 0, 0, 0, -0.1],
  "(8.0, 1, 8.0, 1)": [-0.1, 20.94790583357096, 0, 0, 0, 0, 0, 0, 0, 0, 0, 0, 0, 0, 0, 0, 0, 0, 0, 0, 0],
  "(6.0, 1, 6.0, 1)": [95.92648001719363, 0, 0, 0.8500000000000001, 0, 0, 0, 0, 8.19956543445265, 0, -0.1, 0, -0.1, 0, 0, 0, 0, 0.35926126687500015, 0, 0, 0],
  "(4.0, 1, 4.0, 1)": [-3.959696967163209, -10.0, 0, 0, 0, 0, 0, 45.61386730163156, -0.1, 0, 0, -0.1, 0.7125, 0, 12.361060085559513, 4.934622791439567, 0, 0, 0, 0, -0.1],
  "(2.0, 1, 2.0, 1)": [-2.2220499999999994, 13.55, 12.36793765266907, -56.953279, -39.292525000000005, 1.8106714409947395, 2.2326557525, 24.990408151790938, 10.553889936021742, -6.269009589704623, -11.495580389077713, -2.218050238099532, -33.86656, 6.777393181543724, 66.13096424280404, 18.93159756905, 21.75429135628102, -17.629338250000004, -2.472368377449583, 2.5730690819348023, -18.547534],
  "(1.5, 2, 1.5, 2)": [-1.450000000000001, -10.0, 0, 0, 0, 0, 0, 0, 0, 0, 0, 0, 0, -0.1, 0, 0, 0, 0, 0, 0, 0],
  "(0.5, 3, 0.5, 3)": [-10.0, 0, 0, 0, 0, 0, 0, 0, 0, 0, 0, 0, 0, 0, 0, 0, 0, 0, 0, 0, 0, 0, 0, 0, 0, 0, 0, 0, 0, 0],
  "(9.0, 3, 9.0, 3)": [-0.1, 32.038118022330664, 0.804095917616535, 0, 0, 0, 0, 0, 0, 0, 0, 0, 0, 0, 0, 0, 0, 0, -0.1, 0, 0, 0, 0, 0, 0, 0, 0, 0, 0, 0],
  "(5.0, 1, 5.0, 1)": [102.28754296812573, 0, 2.2334456225000006, 0, 0, 0, 0, 0, 0, 0, 0, 0, -0.1, 0, 0, 0, 0, 0, 0, 0, 0],
  "(3.0, 1, 3.0, 1)": [-0.1, -10.0, 71.7845647742689, 0, 0, 0, 0, 0, 0, 0, 0, 0, 0, 0, 0, 0, 0, 0, 2.3448154102953755, 0, 0],
  "(1.0, 1, 1.0, 1)": [45.65510195641948, 0, -10.0, 0, 0, 0, 0, 0, 5.0, 0, 0, 0, 0, 0, 0, 0, 0, 0, 0, 0, 0],
  "(7.0, 4, 7.0, 4)": [-0.19, -0.1, 1.7715361443125004, 0, 0, 0, 0, 0, 0, 0, 0, 0, 0, 0, 0, 0, 0, 0, 0, 0, 0, 0, 0, 0, 0, 0, 0, 0, 0, 0],
  "(5.0, 4, 5.0, 4)": [-0.1, 27.1745814931293, 0, 0, 10.0, 0, 0, 0, 0, 0, 0, 0, 0, 0, 0, 0, 0, 0, 0, 0, 0, 0, 0, 0, 0, 0, 0, 0, 0, 0],
  "(1.0, 4, 1.0, 4)": [-10.0, 0, 0, 0, 0, 0, 0, 0, 0, 0, 0, 0, 0, 0, 0, 0, 0, 0, -0.1, 0, 0, 0, 0, 0, 0, 0, 0, 0, 0, 0],
  "(1.0, 5, 1.0, 5)": [-10.0, -1.450000000000001, -10.0, -10.0, -5.5, -10.0, -10.0, 0, 0, 0, 0, 0, 0, 0, -10.0, 0, 0, 0, 0, 0, 0, 0, -10.0, -10.0, 0, 0, 0, 0, -10.0, 0],
  "(7.0, 1, 7.0, 1)": [70.78837690155929, 0, 28.1607416957823, 0, 0, 0, 0, 0, 0, 0, 0, 0, 0, 0, 0, 0, 0, 0, 0, 0, 0],
  "(3.5, 2, 3.5, 2)": [10.0, 0, 0, 0, 0, 0, 0, 0, 0, 0, 0, 0, 0, 0, 0, 0, 0, 0, 0, 0, 0],
  "(8.0, 4, 8.0, 4)": [-0.1, -0.1, -0.019250000000000003, 0, 0, 0, 0, 0, 0, 0, 0, 0, 0, 0, 0, 0, 0, 2.791857776452313, 0, 0, 0, 0, 0, 0, 0, 0, 0, 0, 0, 0],
  "(6.0, 4, 6.0, 4)": [-0.1, -0.1, 0.9321409194110208, 0, 0, 0, 0, 0, 0, 0, 0, 0, 0, 0, 0, 0, 0, 0, 0, 0, 0, 0, 0, 0, 0, 0, 0, 0, 0, 0],
  "(4.0, 4, 4.0, 4)": [2.2056603201046836, 0, 0, 0, 0, -0.1, 0, 0, 0, 0, 0, -0.1, 0, 0, 0, 0, 0, 0, 0, 0, 0, 0, 0, 29.181127194508218, 0, 0.8500000000000001, 0, 0, 0, 0],
  "(10.0, 4, 10.0, 4)": [-0.1, 0, 0, 0, 0, 0, 0, 0, 0, 0, 0, 0, 0, 0, 0, 0, 0, 0, 0, 0, 0, -0.1, 0, 0, 0, 0, 0, 0, 0, 0],
  "(6.0, 2, 6.0, 2)": [0, 0, 0, 0, 0, 0, 0, 0, 0, 0, 0, 0, 0, 0, 0, 0, 0, 0, 8.539747737913693, 0, 0],
  "(1.0, 2, 1.0, 2)": [-5.5, -10.0, 31.17644393411918, 0, 0, 0, 0, 0, 0, 11.25033386926584, 0, 0, 0, 0, 0, 0, 0, 0, 0, 0, 0],
  "(2.0, 4, 2.0, 4)": [-10.0, -10.0, -10.0, -10.0, -10.0, -0.1, -10.0, -10.0, -10.0, -0.05985961171975007, 0, 0, 0, -10.0, 0, 0, 0, 0, 0, 0, 0, 0, 0, -2.6832708948542514, 0, 0, 0, 0, 0, 0],
  "(5.0, 2, 5.0, 2)": [10.0, 0, 0, 0, 0, 0, 0, 0, 0, 0, 0, 0, 0, 0, 0, 0, 0, 0, 0, 0, 0],
  "(2.0, 2, 2.0, 2)": [-10.0, -10.0, -10.0, -10.0, -10.0, -10.0, -0.1, 17.195, 0, 0, -10.0, 0, 0, 0, 0, 0, 0, 0, 0, 0, 0],
  "(9.0, 4, 9.0, 4)": [-0.1, 0, 0, 0, 0, 0, 0, 0, 0, 0, 0, 0, 0, 0, 0, 0, 0, 0, 0, 0, 0, 0, 0, 0, 0, 0, 0, 0, 0, 0],
  "(3.0, 2, 3.0, 2)": [87.27999241925126, 0, 0, 0, 0, 0, 0, 0, 0, 0, 0, 0, 0, 0, 0, 0, 0, 0, 0, 0, 0],
  "(4.0, 2, 4.0, 2)": [8.765, 0, 0, 0, 0, 0, 0, 0, 0, 0, 0, 0, 0, 0, 0, 0, 0, 0, 0, 0, -0.1],
  "(3.0, 4, 3.0, 4)": [-0.1, 10.0, 0, 0, 0, 0, 0, -0.1, 0, 0, 0, 0, 0, 0, 0, 0, 0, 0, 0, 0, 0, 0, 0, 0, 0, 0, 0, 0, 0, 0],
  "(8.0, 2, 8.0, 2)": [0.07054875000000001, 0, 0, 0, 0, 0, 0, 0, 0, 0, 0, 0, 0, 0, 0, 0, 0, 0, 0, 0, 0],
  "(7.0, 5, 7.0, 5)": [-0.1, 5.033289689407834, 0, 0, 0, 0, 0, 0, 0, 0, 0, 0, 0, 0, 0, 0, 0, 0, 0, 0, 0, 0, 0, 0, 0, 0, 0, 0, 0, 0],
  "(5.0, 5, 5.0, 5)": [0, 0, 0, 0, 0, 0, 0, 0, 0, 0, -0.1, 0, 0, 0, 0, 0, 0, 0, 0, 0, 0, 0, 0, 0, 0, 0, 0, 0, 0, 0],
  "(3.0, 5, 3.0, 5)": [0.375, 0, 0, 0, 0, 0, 0, 0, 0, 0, 0, 0, 0, 0, 0, 0, 0, 0, 0, 0, 0, 0, 0, 0, 0, 0, 0, 0, 0, 0],
  "(9.0, 5, 9.0, 5)": [-0.1, 5.506048760047897, 0, 0, 0, 0, 0, 0, 0, 0, 0, 0, 0, 0, 0, 0, 0, 0, 0, 0, 0, 0, 0, 0, 0, 0, 0, 0, 0, 0],
  "(9.0, 1, 9.0, 1)": [36.86688221044824, 0, 0, 0, 0, 0, 0, 0, 0, 0, 0, 0, 0, 0, 0, 0, 0, 0, 0, 0, 0],
  "(1.5, 4, 1.5, 4)": [-10.0, 5.0, 0, 0, 0, 0, 0, 0, 0, 0, 0, 0, 0, 0, 0, 0, 0, 0, 0, 0, 0, 0, 0, 0, 0, 0, 0, 0, 0, 0],
  "(1.0, 3, 1.0, 3)": [-10.0, 5.0, 0, 0, 0, 0, -10.0, 0, 0, 0, 0, 0, 0, 0, 0, 0, 0, 0, 0, 0, 0, 0, 0, 0, 0, 0, 0, 0, 0, 0],
  "(9.0, 2, 9.0, 2)": [10.0, 0, 0, 0, 0, 0, 0, 0, 0, 0, 0, 0, 0, 0, 0, 0, 0, 0, 0, 0, 0],