{
  "(10, 5, 10, 5)": [35.613924311621204, 45.28244469632331, 38.56443331222742, 45.34318963027124, 38.70280827639961, 44.970141525140065, 38.999808410922675, 25.344115752533682, 27.874120740046784, 42.6761998029531, 36.16107922148737, 43.18245936332806, 44.07396128420364, 38.411389572380706, 33.60784191030612, 45.52231810684468, 44.5869618546395, 40.24262188857747, 39.8740273171108, 37.42775239259248, 31.35823384914098, 44.33958122624026, 43.08002695947414, 41.50826659633486, 39.506921477562024, 44.212303959708365, 43.087578017625745, 44.41588376123246, 40.314291375901504, 42.27838135340037],
  "(8.0, 5, 8.0, 5)": [-0.1, -0.1, -0.19, 50.854125604826066, -0.1, 8.532889703206001, 2.153596935771757, 4.6305779004077, 0, 0.9914350828742139, 1.7286729842427477, 6.6922031381293685, 0, 6.411643450844737, 3.5999491566046773, 0, 0, 3.8026125574169827, 0, 0, 4.066256387697338, 7.255318715920994, -0.1, 0, 0, 6.217255689185611, 0, 2.3701763453828, 0, -0.1],
  "(4.0, 5, 4.0, 5)": [0.6746385423564178, -0.1, -0.1, 9.489746726046876, 0, 0, 0, 0, 0, 0, 0, 0, 0, 0, 0, 0, 0, 0, 0, 0, 0, 0, 0, 0, 0, 0, 0, 0, 0, 0],
  "(2.0, 5, 2.0, 5)": [-10.0, -10.0, -10.0, -10.0, -10.0, 0, 0, 0, 0, 0, 0, 0, 0, 0, 0, 0, 0, 0, 0, 0, 0, 0, 0, 0, 0, 0, 0, 0, 0, 0],
  "(6.0, 3, 6.0, 3)": [35.61352275444625, 37.35819730727793, 31.584539429109686, 37.055992743417285, 37.05189261054966, 36.56408528761662, 30.523140710119904, 12.909337030452557, 21.113669095696366, 17.74794690715758, 37.528290488200454, 50.17450884628582, 25.09541815898719, 35.09488193580485, 30.852664257360523, 37.44830899401193, 31.123187016468414, 23.239770977088867, 12.303410438055103, 22.847453815339716, 15.70285914468982, 37.10471111488234, 34.662321191513634, 37.76075566163791, 31.185991993107805, 36.63771603391283, 16.447268720969767, 13.236811828889302, 20.141991609671837, 16.3345362238192],
  "(4.0, 3, 4.0, 3)": [6.959461555669355, 40.0553369804542, -1.8273361823828012, 4.026659222849623, 10.230816548496307, -0.4576454904531495, -5.02361600130841, -16.4824488975275, -10.02394865084536, 7.403048242236033, -3.0220058377869945, 5.0, 1.92061733795, 8.755648445856991, -10.013711576045784, -4.417842380735286, 5.4398647846935555, -8.441776325446787, 0.984049634051459, 6.799955121772359, 5.798699145688147, 8.329680538888555, 0.8900000000000001, 6.520425993011157, 10.088726628871825, 0, 2.300403301944474, 8.2439700973182, 4.946674328937906, -0.10323609122498059],
  "(6.0, 5, 6.0, 5)": [-0.1, -0.1, -0.19, 29.310387836751524, 0, 0, 0, 0, 0, 0, 0, 0, 0.7439274899295957, 0, 0.44862215732890204, 0, 0, 0, 0, 0.15984647435015892, 0, 0, -0.1, 0, 0, 0, 0.8488612544544792, 0, 0.8985222104045285, 0],
  "(2.0, 3, 2.0, 3)": [-10.0, -7.21635675316273, -8.605, -19.0, -5.675419000000001, -0.39433631773018973, -10.0, -10.0, -10.0, -9.845164175928144, -10.0, -1.450000000000001, -8.1224274506455, -5.5, -5.5, -10.0, -19.0, -8.676786329696098, -10.0, -9.79098430418033, -10.0, -1.5734676355167885, -10.0, -2.9041094839741763, -10.0, -1.0101474161565491, -1.6544407282208002, 9.048601256158502, -6.262675157379988, -6.528087702989968],
  "(9.0, 3, 9.0, 3)": [-0.1, -0.1, 4.451368200548631, 84.24857111192689, 6.5630291999333075, 7.6634772951759516, 0, 0, 9.851468856785454, 7.381052289276717, 15.51380838243784, 0, 0, 2.2603786949471263, 3.5256735865313384, 11.659793839657501, 0, 0, 0, 0.07652135813570844, 8.487989910325242, 0, 6.38723841559346, 0, 6.5492820204293345, 8.821186326701511, 0, 0, 6.1505028223406555, 3.9563834137552965],
  "(7.0, 3, 7.0, 3)": [-0.1, -0.01188999999999999, 5.480957748287133, 84.53171644212854, 0, 0, -0.1, 3.26967596154653, 1.0094418246064645, 0, 4.043719775398057, 0, 0, 0, 0, 0, 0, 0, 0, 0, 11.946346483318464, 9.086090508802213, 6.0840057857803265, 0, 0, 10.227719948583337, 4.13896504619956, 3.081417350845646, 0, 0],
  "(5.0, 3, 5.0, 3)": [8.274428245592063, 4.265479205384255, 0, 0.2880809400049999, 0, 0, 0, 0, 1.9310203023856136, 0, 15.723168165966928, 0, 0, 0, 0.8900000000000001, 0, 0, 0.019043347834692192, 0, 3.0956282308411516, 0, 0, 3.458739404060394, 74.4279022270069, 0, 0, 0, 0, 0, -0.1],
  "(3.0, 3, 3.0, 3)": [-1.0, 64.98140994105378, 0, 0, 0, 0, -0.07876007026746311, 0, 0, 0, 0, 0, 0, 0, 12.31936705, 0, 1.1076816382723553, 0, 0, 0, 0, 0, 0, 0, 0, 0, 0, 0, 0, 0],
  "(8.0, 3, 8.0, 3)": [49.795791796005595, 31.295974030470312, 17.31549255013306, 4.926437724716268, 18.552384901519762, 21.045853278895926, 12.43569964306827, 0, 12.241768388103512, 12.81773856136471, 15.136058290221563, 28.300692568017638, 12.840331586528471, 22.630830391499373, 19.921911386305972, 19.30065116143454, 6.8465596094224175, 21.34569637591978, 9.411723246557006, 13.903726117930095, 32.510652855108084, 15.092964487611177, 24.354958506322188, 16.129978948280247, 17.633843481798333, 20.134359209660484, 11.380354254448811, 13.62733467832263, 14.234489476938352, 18.917254475669324],
  "(7.0, 4, 7.0, 4)": [-0.1, 70.73335138721625, 0, 0, 0, 0, 0, 0, 0, 0, 0, 0, 0, 0, 0, 0, 0, 0, 0, 0, 0, 0, 0, 0, 0, 0, 5.038495303829084, 0, 0, 0],
  "(5.0, 4, 5.0, 4)": [2.005891248129067, 46.30556209842652, 0, 0, 0, 0, 0, 0, 0, 0, 0, 0, 0, 7.568345554342875, 0, 0, 0, 0, 0, 0, 3.26967596154653, 0, 0, 0, 0, 0, 0, -0.1, 0, 0],
  "(3.0, 4, 3.0, 4)": [-0.5972451805000003, 0, 0, 0, 0, 1.3343425666178725, 0, 0, 0, 0, 0, 0, 0, 0, 0, 0, 0, -0.1, 0, 0, 0, 0, 20.63030365320974, 0.9458098319648036, 0, 0, 0.7646385423564178, 0, 0, 0],
  "(6.0, 4, 6.0, 4)": [-0.1, 70.93243124775367, 0, 0, 0, 0, 0, 0, 0, 0, 0, 0, 0, 0, 0, 0, 0, 0, 0, 0, 0, 0, 0, 0, 0, 0, 0, 0, -0.03060099999999999, 0],
  "(2.0, 1, 2.0, 1)": [-1.4755876648263655, -2.191656065208271, -38.09896708420791, -23.521359900833417, -37.650835060750104, -35.82863877069057, -22.78462008377631, -4.380022276202, 4.211144126429521, -5.611634671347192, -10.788017323482011, -16.943001082541112, -43.45042040575412, -17.4488767492763, -10.161783688490392, -4.0511358645127356, -17.71695657992312, -36.144033496231756, -3.5813864706603225, -29.433889847341938, -29.03524861409383],
  "(5.0, 1, 5.0, 1)": [14.973463070867036, 47.71087967096174, 22.91586101882259, 16.970201394234152, 10.064937182608821, 1.9018936749995174, 8.809130106737296, 12.575718685891921, 12.90632579342057, 19.9461072597364, 20.118079091749948, 20.267070921162063, 15.379135601326917, 4.522166949578754, 6.834418708519789, 8.16604296038338, 78.9889732736395, 13.906283863188616, 18.844391668914934, 15.863077229064627, 27.184438811071285],
  "(3.0, 1, 3.0, 1)": [7.557339500570617, 3.6638553572450263, 2.1638974102466855, 9.772032665478413, 7.849997452727752, 5.793771813516355, 0, 9.358743123877973, 15.575547153173009, -4.0, -0.707292088173423, 3.3025901465851897, -1.9292966319858422, 3.072518359133225, 10.707207337105004, 2.1204386701356497, 9.594512839295625, 8.078698964373672, -10.0, 11.413444252436166, 0.9831095],
  "(4.0, 1, 4.0, 1)": [3.663853408797104, 3.3730939704204923, 13.313192295335927, 5.743703403543913, -33.817885619895996, 10.769551831427552, -11.544294478984806, 0.9033833356078098, 5.96354, 13.777084164139175, -3.277019781658744, 2.630644526446013, 7.863694797442819, 8.267935912936611, -0.294989848207436, -1.173460553751685, 12.203626496806756, 12.537143684341988, -13.569984167029295, 4.202602468373998, 8.928032995597686],
  "(10.0, 3, 10.0, 3)": [49.536599459670775, 34.8631327610795, 26.254943366597765, 19.895151247174265, 21.767546847288706, 33.05103863268589, 9.013163301123594, 27.546266048110866, 26.27126854647696, 12.530388655981218, 19.578545119091082, 31.86715630736337, 21.873824040481868, 35.48656219665263, 32.979653131167474, 12.645714230549244, 16.668012892920764, 11.23297656787343, 8.96052138883029, 15.911388915462181, 15.143915670560906, 17.853193237422612, 27.403070218556135, 44.45536679318968, 37.583890412027394, 16.782693184948066, 15.331321008753555, 14.6671614949127, 22.613673870986304, 20.1671039111965],