{
  "(10, 5, 10, 5)": [26.40748206664651, 67.42938799657541, 38.02240829903873, 94.19580676474175, 31.062214320553554, 55.57655316632107, 52.930716464192706, 37.744558905907994, 41.91966230449712, 37.913535662804335, 42.30446464896954, 70.03712054647612, 45.97486600330076, 48.67658137367555, 46.51967157872148, 64.70170749610175, 54.64921859903865, 41.79603178917952, 23.75012793781561, 47.62160119145285, 29.65569634837686, 57.30028151471314, 52.62412504639529, 69.82627349133183, 46.447561789835056, 67.66559992553157, 65.85823884394392, 42.34703949612061, 39.16931951586, 31.741065500966638],
  "(8.0, 5, 8.0, 5)": [4.956307470053428, 66.47623590978289, 2.3052455254836564, 0, 0, 14.651376910212496, 2.2416043772954017, 0, 0, -0.0785979594602245, 0, 9.406012793948099, -0.1, 0, 0.13505216172483198, 4.6857152250190595, 0, 0, 0, 0, 0, 0, 0.21248046196624923, 0, 3.7281383700898396, 0, 0, 2.266216512266876, 0, 0],
  "(6.0, 3, 6.0, 3)": [15.443446532903481, 47.38845904168735, 23.24336259111767, 46.93209943960676, 22.407746855816498, 89.83219256508589, 15.162735377240573, 7.069535910114469, 29.055768864462642, 11.89545526167662, 21.048031137117146, 36.03910070396663, 28.843714816285146, 49.67720613949468, 24.155416987371716, 39.030593240073706, 6.486845904687881, 14.360636547967996, 11.716092505483896, 12.188056653903843, 24.635590336959055, 28.165079264419386, 32.41338654706956, 15.88763674664451, 15.029649334857915, 32.031289501553964, 20.354796403260465, 15.82252732685175, 24.76816777456644, 7.249007316703435],
  "(4.0, 3, 4.0, 3)": [-0.1, -8.222445991165001, -8.120508975612623, -2.915825101112045, 2.0366695108700927, 0, 0, 0, -1.0928921057102112, 0, -5.309709653298043, 39.856856858664756, -9.1, 12.464865121243498, -7.6485120893828125, 0, 0, -0.07768632661931484, -9.955288665826409, 0.03579297042298353, -9.807324369666466, -10.0, 0, -3.741482815173139, 5.054536482861425, 5.347977225464051, -1.9956974746098588, -0.1, 0, -10.0],
  "(5.0, 3, 5.0, 3)": [-0.1, -0.1, 0.8900000000000001, 11.160092411009993, 0, 0, 0, 0, 0, 0, 0, 0, 54.76861720539134, 0, 0, 0, 0, 0, 0, 4.213709942183983, 0, 0, 0, 0, 0, 21.388144490063343, 0, 0, 0, 0],
  "(3.0, 3, 3.0, 3)": [63.41595431911437, 0, 0, 0, 0, 0, 2.214623751642811, 0, 0, 0, 0, 13.47337668330443, 0, 0, 0, 0, 0, 0, 0, 3.7651159759471953, -10.0, 0, 0, 0, 0, 0, 0, 0, 0, 0],
  "(9.0, 5, 9.0, 5)": [-0.19, 98.23850957447388, 0, 0, 0, 0, 0, 0, 0, 2.5413226307023593, 0, 0, 0, 0, 0, 0, 0, 0, 0, 0, 0, 0, 0, 0, 0, 0, 9.660336842185803, 0, 0, 0],
  "(7.0, 5, 7.0, 5)": [-0.1, 0.21618222767450002, 0, 0, 0, 0, 0, 0, 0, 0, 0, 0, 0, 0, 0, 0, 0, 0, 0, 0, 0, 0, 12.024770641744496, 0, 0, 0, 0, 2.3742642598467874, 0, 0],
  "(5.0, 5, 5.0, 5)": [4.514453239613348, 0, 0, 0, -0.1, 0, 0, 0, 0, 0, 0, 0, 0, 0, 0, 0, 0, 0, 0, 0, 0, 0, 0, 0, 0, 0, 0, 0, 0, 0],
  "(3.0, 5, 3.0, 5)": [-0.1, 7.369627109881716, 0, 0, 0, 0, 0, 0, 0, 0, 0, 0, 0, 0, 0, 0, 0, 0, 0, 0, 0, -0.19, 0, 0, 0, 0, 0, 0, 0, 0],
  "(1.0, 5, 1.0, 5)": [-5.5, -10.0, -10.0, 0, 0, 0, 0, 0, 0, 0, 0, -5.152259097274088, 0, 0, 0, 0, 0, 0, 0, 0, 0, 0, 0, 0, 0, 0, 0, 0, 0, 0],
  "(8.0, 3, 8.0, 3)": [11.352152164635184, 91.91244805060515, 38.93171880811073, 12.982025848252508, 25.86129473244984, 17.782632262352024, 3.1847029037584345, 4.829276346459238, 8.360757622110958, 14.946888452167222, 28.631881672749163, 19.167219998594618, 31.518586852935627, 13.94703978824587, 16.392156620102295, 37.071277241847866, 0.6756904189424686, 7.355774212523707, 6.3913400532814055, 7.573920106354416, 21.88696365856938, 30.73311763061469, 25.946071231522218, 41.612003377141875, 16.929440976851446, 9.972588501003454, 4.055478206489673, 21.15859919562686, 7.3126124205039735, 6.796452088091286],
  "(2.0, 1, 2.0, 1)": [19.43155419376015, -17.2878596611463, 2.839887043098331, -0.7240872127859355, -28.40235863387113, -25.675578636023943, 3.5929171012467767, -4.9977214547368405, 11.635058131015324, 80.12434529207688, -26.825624368399374, -8.094954088632022, -28.431832958469414, 3.505815405674807, 8.477597322726712, 17.62123623067435, 9.149527667776553, 4.916106647404714, 12.865244923481534, 4.560006931100063, -29.604971840761408],
  "(4.0, 5, 4.0, 5)": [-0.1, -10.0, -0.1, 0.09267563033353579, 0, 0, 0, 0, 0, 4.3144133825532744, 0, 0, 0, 0, 0, 0, 0, 0, 0, 0, 0, 0, 0, 0, -0.1, 0, 0, 0, 0, 0],
  "(2.0, 5, 2.0, 5)": [-10.0, -10.0, -0.1, -5.5, -0.1, -10.0, -10.0, -10.0, 0, 0, 0, 0, 0, 0, 0, 0, 0, 0, 0, 0, 0, 0, 0, 0, 0, 0, 0, 0, -9.6445, 0],
  "(3.0, 1, 3.0, 1)": [13.115624948786882, -13.399983892879789, 18.008454086739086, -1.2614472809420043, -19.896380329142506, -12.646205116609778, -3.6726694600106846, 96.10782331633835, 3.0458223555052877, 9.5, -10.0, -5.176369047386465, 0, 9.462150468349165, 0, 9.65799017592531, 14.018513046767374, 0, 0, 0.30472541786999524, 8.047568313849421],
  "(2.0, 3, 2.0, 3)": [-17.185296865956406, -11.305000000000001, -10.0, -10.0, -8.913007439989075, -10.0, -19.0, -10.0, -10.0, -8.005377925000001, -10.0, 30.81332815967732, -7.898388906814818, -10.0, -10.0, -4.0, -10.0, -19.0, -10.0, -9.482095000000001, -10.0, -8.0245, -10.090000000000002, -5.5, -10.0, -2.6930733166955694, -7.1446906026915595, -10.67065873255471, -7.6107207327810755, -10.0],
  "(6.0, 1, 6.0, 1)": [93.17129653679415, 38.64060213079338, 38.7862299493508, 21.561749667584348, 21.8879564270268, 26.975838871985687, 23.312788609391472, 49.73014312300725, 25.42789582915874, 40.80635364187852, 26.605896755697266, 44.00994748848176, 2.3640619961852543, 26.546600866893435, 24.709059803617617, 25.598894327929763, 56.10292964322176, 28.557695751320704, 12.760533623169719, 11.393049192593473, 23.398004031239047],
  "(6.0, 5, 6.0, 5)": [-0.1, 0.10968106760495011, -0.09082511259697996, 0, 0, 0, 0, 0, 0, 0.20224670522342708, 0, 0, 0.05507797516398574, 0, 0, 52.65136116193332, 0, 0, 5.121572818415781, 2.109145396314653, 0, 0, 0, 0, 0, 0, 0, 0, 2.7169578156069942, 0],
  "(9.0, 3, 9.0, 3)": [11.617987288714975, 130.64232754541607, 0, 13.046001016340353, 0, 14.88047483747807, 0, 10.237330884484384, 2.247928850273273, 0, 24.8014489753253, 0, 13.469140276752132, 0, 0, 15.508172466535019, 0.5358646414906886, 0, 0.8410186795867491, -0.08879557771319209, 0, 34.90278102319334, 21.728702913191718, 11.039875228091779, 4.753979750656605, 0, 0, 0, 7.794134406655977, 0],
  "(7.0, 3, 7.0, 3)": [-0.1, 142.82828135925476, 8.102392808058546, 0, 0, 19.0651175890881, 4.709575448223962, 0, 0, 0.07267018138419501, -0.1, 0, 1.0347586087309568, 0, 0, 10.15415648414684, 0, 0, 0, 0, 0, 6.167499044144539, 0, 0, 0, 10.071452432254606, 0, 0, 0, 0],
  "(4.0, 1, 4.0, 1)": [0.09938286459303747, 12.133590774861752, 27.22441564225722, -7.355452180871666, -10.44590260243298, -28.309337155980607, 13.31715543194919, 4.983959844356, 24.98436777782527, 25.25649251890092, -16.797088641045647, 6.492483744878031, 3.4699762141668313, 15.533387347862973, 17.806518094231315, 80.48232258192007, -11.883459801584122, -7.528607537916313, 21.758570508568077, 20.940100728335054, 5.60850434838429],
  "(10.0, 3, 10.0, 3)": [11.005652018110801, 109.57925055989837, 25.339439790323503, 42.88366901508469, 28.467449220632297, 35.27276266380474, 0.8358223553580763, 6.346785701473049, 8.503272400571298, 2.8075147073017876, 21.86897585006954, 0, 15.531845408284521, 22.27265349351778, 27.521142561953482, 33.698326122311016, 0.31321812730274956, 8.751012839987983, 3.265967215978561, 1.288722276215235, 31.17292392472371, 16.33605060735224, 24.522534219848772, 18.86067182465505, 12.148551516663751, 30.101704484766515, 2.556153623039088, 6.293523633225662, 11.613693754409127, 1.7426988499816993],
  "(5.0, 1, 5.0, 1)": [129.4160072912524, 20.089552618874535, 27.079580826370215, 31.739979300796527, 4.519546886587804, 7.762431550995487, 4.255974001415457, 24.272304395900413, 20.555783773386114, 40.676951036088745, 17.406636837048858, 4.637590269283499, 12.972225587260278, 6.265973754144731, 32.6651899278118, 26.679382151731563, 46.86060799036494, 0, -0.1, 0, 10.850790454665932],