{
  "(10, 5, 10, 5)": [46.65152377871548, 70.44135042766639, 37.52987180005649, 43.1719285480329, 39.49577910756182, 50.0212635535068, 48.6851244552851, 44.73049924806945, 31.4991020918988, 46.70442924718714, 40.66711199712288, 39.95683340070944, 42.90903961652248, 43.576702770078406, 42.372894576658055, 46.2282107473145, 47.756834382067765, 50.07478988277052, 52.63355873829888, 38.21054716697478, 41.31371112166035, 37.02663945903644, 41.127839844403866, 45.266979044292995, 43.0389958345329, 43.863504036005764, 45.84399363563705, 41.45998253189447, 39.4157883063418, 36.88233946713733],
  "(8.0, 5, 8.0, 5)": [10.250151628654313, 46.06593364702785, 11.111283551971278, 0, 20.443627877647494, 17.390094207533615, 8.612731382970189, 11.333747278190195, 5.426417267482762, 7.623252953663705, 0, 0, 0, 16.427784662042555, 4.687160042557969, 8.688847098139886, 12.885336936995138, 8.843657378640284, 6.726486554346736, 6.318069350006239, 2.6159497842395716, 0, 12.039681981627524, 23.526588401768382, 4.492039459231011, 3.6766835727599814, 0, 6.00373798634313, 0, -0.10189],
  "(6.0, 5, 6.0, 5)": [-0.1, -0.1, -0.1, -0.1, 2.652934411927223, 51.30982028215188, 7.26063447012049, 0, 0, 0, 3.2321048520929962, 0, -0.1, 0, 0, 0, 0, 0, 0.7038897021327826, -0.1, 3.764781109884385, 0, -0.1, 0, -0.1, 4.397611698527718, 3.1364176717433896, 4.497320474623358, 0, -0.1],
  "(4.0, 5, 4.0, 5)": [-10.0, -9.770050000000001, -0.1, 31.68143118738993, 0, 0, 0, -0.1, 0, 0, 0, 0, 0, 0, 0, 0, -0.1, 0, 0, 0, 0, 0, 0, 0, 0, 0, 0, 2.7120276563654855, 0, 0],
  "(6.0, 3, 6.0, 3)": [26.80108169842865, 28.0376140332553, 36.48625759640329, 29.023693877469867, 37.382741647188055, 46.33018888710985, 12.164434536339442, 5.3484690117414075, 19.795219608493827, 21.31052946847309, 30.46821101430436, 29.364853151666175, 34.850889649569, 34.96196643641349, 31.974249922163217, 31.59386773782334, 24.796039412878404, 20.188747960518576, 26.370902513171778, 29.22894455683314, 31.916695929380253, 32.42805306525514, 64.39204455904215, 25.142487694407215, 17.637692645176827, 29.536271347884313, 16.739463992792146, 13.359799732374658, 13.25562735988192, 7.868252171813749],
  "(4.0, 3, 4.0, 3)": [-10.090000000000002, 30.511016408893116, 4.2928160008074165, 3.6671747418545992, 4.769032767663671, 30.66779964342966, 6.25639374829485, 0, 0, 0.8262840912271298, 14.255914247816634, 17.30144658171271, -16.301706820590702, -0.11134200460261892, -7.294990651015915, 7.650592762773822, 8.499704538142945, 1.5919993079940722, -17.307198071864157, -7.692563455785745, 12.348778395812136, 69.49212280949209, 12.881732838755646, -8.867123726287069, 10.083200097526904, 2.1246641885347084, -1.604717675699014, 0, 15.165324333458694, -15.334766968675925],
  "(2.0, 3, 2.0, 3)": [-25.552072408342887, -27.1, -10.090000000000002, -5.5, -19.0, -5.4291772208642755, -19.0, -10.0, -27.1, -10.658214396840417, -10.0, -6.698096929380392, -19.0, -1.6029188383157749, -10.0, -6.762793862972739, -10.0, -5.688111559599999, -10.0, -19.0, -12.014467139225205, -9.092328224500001, -5.451083406531486, -10.0, -5.612881174294573, 55.51100047514282, -2.8399381080628494, 0, -19.0, 0],
  "(9.0, 5, 9.0, 5)": [-0.1, 1.5959224047683396, 0, 88.20876899061584, 3.0820736463836536, 8.375722477771133, 0, -0.1, 0, 0, 2.0054937309455343, 0, 0, 0, 0, 0, 0, 0, 1.307995538482495, 7.038744458805444, 4.368475059366831, 5.63364459802492, 0, 0, 0, 5.61419660911756, 8.181795314135748, 4.04000772401617, 0, 0],
  "(5.0, 5, 5.0, 5)": [-0.1, -0.1, -0.1, -0.060895000000000005, 2.706731563684596, 0, -0.1, 0, 0, 0, 0, 0, 0, 0, 0, 0, 0, -0.1, 0, 0, 0, 0, 0, 0, 0, 0, 0, 0, 0, 0],
  "(3.0, 5, 3.0, 5)": [-0.1, 45.78700642260934, -0.1, 0, 0, 0, 0, 0, 0, 0, 0, 0, 0, 0, 0, 0, 0, 0, 0, 0, 0, 0, 0, 0, 0, 9.503314674370323, 0, 0, 0, 0],
  "(1.0, 5, 1.0, 5)": [-10.0, -10.0, -10.0, -10.0, 0, 0, 0, 0, 0, 0, 0, 0, 0, 0, 0, 0, 0, 0, 0, 0, 0, 0, 0, -10.0, 0, 0, 0, 0, 0, 0],
  "(8.0, 3, 8.0, 3)": [32.79639884544428, 34.625865921193515, 14.31596011954219, 17.254175167799165, 29.592432845228036, 29.8005792999198, 5.437644129025498, 0.4392273381521931, 3.416088481969826, 9.8669653387058, 15.413680398226589, 16.679912665444306, 24.604722211898302, 41.779238297188066, 11.741182994438645, 23.37312519312051, 25.41410967015877, 19.851343238527352, 3.21918538172566, 5.1710996497662105, 22.18388572128946, 43.285187823753134, 65.79696587534356, 31.662151639655317, 28.478544246797824, 50.37314226213423, 17.76409165111219, 10.716311616034226, 13.298330722067945, 13.006569241123113],
  "(2.0, 1, 2.0, 1)": [-8.273981366071716, -10.103109132751081, -13.212511503757895, -15.654881178239624, -32.17908868576598, -20.103352048742266, -27.808161741380772, -9.831534671978904, -9.619818294086906, -13.713595906528147, -40.852840108518976, -13.516953170079564, -41.91997450623763, -8.089217773724902, -15.038153722889296, 41.53036780377564, -7.204658912977099, -11.703383895162915, -13.147864348583528, -39.84210747846193, -15.41653581591932],
  "(6.0, 1, 6.0, 1)": [88.27964415606658, 41.0165348504534, 25.98133236010938, 9.949992624255707, 13.646839062768167, 9.760672642031576, 0.01840400000000002, 9.621838356972972, 46.789271301876326, 36.91885633320491, 16.18691844656228, 4.069384979508239, 4.765310338855428, 18.074591995997963, 11.571826621004618, 18.389049062854316, 50.02235478297004, 18.869521063228188, 5.9414160691032984, 10.620784292057373, 8.521049784073444],
  "(4.0, 1, 4.0, 1)": [10.04571091211592, 0.4898297726926639, 4.729991497767063, -1.8396846944988354, 1.7443049165426614, 4.687535761464202, 6.542053924097125, 13.274415718108159, 3.2477783651756233, 6.221422790985055, 3.544005342876715, 8.494187082823185, 1.124367735465925, 4.116729433243569, 25.066694162845245, 5.062944294465032, 13.474352956578489, 6.251999243888328, 1.1671644619523622, 10.224219895770075, 4.905882822070697],
  "(3.0, 3, 3.0, 3)": [25.513249684352626, 170.57801072841707, -7.353910780344999, 5.0, 0, 15.18391805345551, 3.6681290900000008, -7.587180999999999, -10.0, 1.9631600000000002, 5.0, 9.5, -19.0, 5.0, 0, -0.1, 0, -10.0, -10.0, 4.649338513693913, 15.040018970408248, 0, 4.950021078231386, 0.5975691327746805, 27.530770475294815, 20.72119507673565, 0, 1.286, -3.6707431599999993, 0],
  "(1.0, 3, 1.0, 3)": [2.6513267006821426, 16.91343642248762, 0, 5.0, -5.5, 47.46477800351995, -10.0, -5.8590128439999996, -10.0, -8.11, 0, -1.450000000000001, -6.624150027831881, 5.0, -2.8659999999999997, 21.265009650167173, -3.834469813420367, 0, -19.0, -19.0, 3.6949999999999994, 17.195, 5.0, 17.743818205962178, -11.57506218460274, 36.69419463507865, -4.8320262540843615, 0, 0, -0.1],
  "(9.0, 3, 9.0, 3)": [7.179474246872706, 28.576248061463815, 98.87454815519136, 29.596326916485097, 18.98990218312925, 9.844488820044512, 2.899192419030585, 11.63109598814844, 7.605095128268203, 3.635701228574471, 5.993321152580801, 0, 30.320258618620947, 0, 19.082085564058453, 16.668986137556413, 2.3339185010361407, 7.0128768266577515, 12.166506972864044, 4.095986696905312, 0, 39.75241150537192, 0, 20.475457846669674, 36.98455481223517, 34.12366487387459, -0.1, 3.836702631765826, 0, 2.7294814933394447],
  "(7.0, 3, 7.0, 3)": [-0.1, 0, 0, 0, 13.891290706612487, 43.93734015855292, 0, 0, 2.139778642488657, 0, 0, 0, 0, 0, 9.435414363565346, 8.556161056517986, 0, 4.286804156168934, 3.71776674555951, 4.504896582449598, 0, 0, 0.9892124917530668, 21.21524110481512, 12.60164218201285, 139.03253501803195, 1.747444195526439, 0, 0, 6.335772982756388],
  "(5.0, 3, 5.0, 3)": [69.0430867845827, 33.43220297794692, 16.120239919862563, 17.21489839948848, 14.873309557730934, 8.299776787229742, 4.6442597786336, 10.946542445492135, 12.077037793136224, 6.037614846016552, 22.62479584209542, 7.10076975151199, 0, 26.673579260171362, 11.447490040498304, 10.307686454935105, 0, 6.294346360885157, 0.1898204999422157, -0.040893466474682, 22.46039146320241, 55.86795929943443, 26.080227061616593, 0, 30.798394941421705, 51.582601210330076, 6.878345314571572, 11.47146820743145, 6.250527530424314, 0],