{
  "(10, 5)": [-0.9999973482691541, -0.9999987006518856, -0.9999981437884079, -0.9999973482691541, -0.9999973482691541, -0.9999981437884079, -0.9999981437884079, -0.9999973482691541, -0.9999973482691541, -0.9999973482691541, -0.9999973482691541, -0.9999973482691541, -0.9999973482691541, -0.9999973482691541, -0.9999973482691541, -0.9999973482691541, -0.9999973482691541, -0.9999973482691541, -0.9999962118130773, -0.9999962118130773, -0.9999973482691541, -0.9999962118130773, -0.9999962118130773, -0.9999973482691541, -0.9999962118130773, -0.9999962118130773, -0.9999962118130773, -0.9999973482691541, -0.9999962118130773, -0.9999962118130773],
  "(10.0, 3)": [-0.3, -0.3, -0.3, -0.51, -0.3, -0.3, -0.3, -0.3, -0.3, -0.3, -0.3, -0.3, 0, 0, 0, 0, -0.51, 0, 0, -0.3, 0, 0, 0, 0, 0, 0, 0, 0, 0, -0.3],
  "(10, 4)": [-0.3, -0.3, 0, 0, 0, 0, 0, 0, 0, 0, 0, 0, 0, 0, 0, 0, 0, 0, 0, 0, -0.3, 0, 0, 0, 0, 0, 0, 0, 0, 0],
  "(6.0, 4)": [-0.3, -0.51, -0.3, -0.3, -0.3, -0.3, -0.51, -0.3, -0.51, -0.51, -0.51, -0.3, -0.3, -0.3, -0.3, -0.51, -0.657, -0.51, -0.51, -0.3, -0.51, 14.45997129033, -0.3, -0.3, 0, 0, -0.3, 0, -0.3, 0],
  "(4.0, 5)": [-0.9861587127989999, -0.9717524751, -15.38493, -0.9802267325699999, -0.9802267325699999, -10.947000000000001, -0.9717524751, -0.9717524751, -7.962900000000001, -30.531929999999996, -15.470645699999999, -15.21, -30.582351, -24.023226732569995, -51.4617524751, -30.675549255838426, -21.3, -10.947000000000001, -30.659646392999996, -0.9717524751, -15.5247524751, -15.312900000000003, -0.9717524751, -0.959646393, -11.01903, -0.959646393, -30.582351, -0.959646393, -0.959646393, -36.285351989999995],
  "(8.0, 5)": [-0.9861587127989999, -0.9861587127989999, -0.9861587127989999, -0.9861587127989999, -0.9861587127989999, -0.9861587127989999, -0.9861587127989999, -0.9861587127989999, -0.9861587127989999, -0.9861587127989999, -0.9861587127989999, -0.9861587127989999, -0.9861587127989999, -0.9861587127989999, -0.9861587127989999, -0.9861587127989999, -0.9861587127989999, -0.9861587127989999, -0.9861587127989999, -0.9861587127989999, -0.9861587127989999, -0.9861587127989999, -0.9861587127989999, -0.9861587127989999, -0.9861587127989999, -0.9802267325699999, -0.9802267325699999, -0.9802267325699999, -0.9802267325699999, -0.9802267325699999],
  "(6.0, 3)": [-0.9283730647433389, -0.9047773517096166, -0.94235199, -0.9176457, -0.9176457, -0.8987456745100257, -0.94235199, -0.94235199, -0.959646393, -0.9176457, -0.9176457, -0.959646393, -0.94235199, -0.959646393, -0.9176457, -0.9176457, -0.9176457, -0.9176457, -0.94235199, -0.94235199, -0.8990305329007081, -0.9176457, -0.9176457, -0.9176457, -0.9176457, -0.9285319111222611, -0.959646393, -0.9802267325699999, -0.9176457, -0.94235199],
  "(5.0, 3)": [-0.657, 6.333042032406132, -0.51, -0.3, -0.3, 4.527049900701002, -0.657, 0, 0, 0, 0, 0, -0.51, -0.51, -0.3, 0, -0.51, 0, -0.3, -0.657, 0, 0, 0, 0, -0.657, 5.3745942373887905, 0, 0, -0.3, -0.7599],
  "(3.0, 3)": [-0.3, 73.3881, 0, -0.3, -0.3, 30.0, -0.3, -0.3, 0, -0.3, -0.3, 0, -0.3, -0.51, -30.0, 29.789999999999996, 0, -0.51, -0.657, -21.3, 0, 2.970385607103056, -2.1539999999999964, -0.3, 0, -0.3, -0.3, 0, -15.21, 0],
  "(4.0, 1)": [50.96964684957635, -15.990000000000009, -36.4140867, -0.51, -0.51, -0.657, -0.3, -0.3, -11.149686000000003, -15.75858196625579, -21.3, -0.3, -30.0, -51.0, -8.877030000000001, -0.51, -26.8941, -0.3, -0.51, -0.7599, -0.657],
  "(3.0, 1)": [11.55568557243, 10.56931557243, 0, -30.0, -0.3, -30.0, -0.3, 0.5001000000000005, 13.650617310000001, 58.349999999999994, -0.3, 0, -15.21, -30.21, 9.633000000000001, -0.51, -12.661595699999996, 0, -0.3, -0.3, -30.0],
  "(9.0, 5)": [-0.51, -0.51, -0.51, -0.51, -0.51, -0.657, -0.51, -0.51, -0.51, -0.51, -0.51, -0.51, -0.51, -0.51, -0.51, -0.3, -0.51, -0.51, -0.51, -0.7599, -0.51, -0.51, -0.3, -0.657, -0.51, -0.51, -0.51, -0.7599, -0.3, -0.51],
  "(8.0, 3)": [-0.7599, -0.7599, -0.7599, -0.7599, -0.8319300000000001, -0.7599, -0.7599, -0.7599, -0.7599, -0.7599, -0.7599, -0.7599, -0.882351, -0.7599, -0.7599, -0.7599, -0.8319300000000001, -0.7599, -0.7599, -0.7599, -0.657, -0.657, -0.657, -0.657, -0.657, -0.657, -0.657, -0.7599, -0.657, -0.7599],
  "(4.0, 3)": [-6.6, 21.29284032034301, -30.4599, -0.6996440677382999, -0.7599, -0.657, -15.21, -30.357, -0.51, -0.51, -52.2159, -0.51, -0.7599, -35.890616402999996, -0.8319300000000001, -22.962899999999998, -0.657, -0.7599, -0.51, -30.582351, -30.4599, -23.14526092903912, -30.4599, -30.531929999999996, -30.21, -9.0, -21.62193, -0.51, -25.572029999999998, -30.0],
  "(6.0, 1)": [-0.3, 20.552999999999997, 33.125439679607865, 0, 0, -0.3, 0, -0.3, 0, 24.479999999999997, 0, -0.3, 0, -0.3, 0, 0, 0, 0, -0.51, 0, -0.3],
  "(2.0, 1)": [-4.3973784623767855, -72.064365, -36.41613, -15.21, -73.6821, -21.447000000000003, -51.147, -20.385870000000004, -30.0, -18.554999999999993, -40.8047457, -47.900420999999994, -51.0, -15.21, 12.905251842839046, -36.1635, -50.5702948721389, -30.21, -55.2, -30.64235199, -30.0],
  "(2.0, 5)": [-30.0, -36.0, -30.0, -36.0, -65.8029, -65.126259, -51.147, -75.99000000000001, -51.0, -30.357, -55.2, -36.0, -30.21, -78.048, -83.19300000000001, -75.99000000000001, -30.0, -44.91, -65.7, -51.147, -51.0, 16.353777042535, -35.67190573257, -36.0, -65.7, -35.67693, -37.713321, -30.0, -30.686158712798996, -45.0129],
  "(6.0, 5)": [-0.9976736948601279, -0.9966767069430399, -0.9983715864020896, -0.9966767069430399, -0.9966767069430399, -0.9983715864020896, -0.9976736948601279, -0.9976736948601279, -0.9976736948601279, -0.9966767069430399, -0.9988601104814627, -0.9971445491809502, -0.9976736948601279, -0.9983715864020896, -0.9976736948601279, -0.8561331087105235, -0.9976736948601279, -0.9966767069430399, -0.9988601104814627, -0.995252438490057, -0.995252438490057, -0.995252438490057, -0.995252438490057, -0.9966767069430399, -0.9966767069430399, -0.995252438490057, -0.995252438490057, -0.9976736948601279, -0.9966767069430399, -0.9983715864020896],
  "(2.0, 3)": [-30.0, -35.62766152050882, -30.21, -65.7, -51.0, 14.298599999999997, -44.91, -21.3, -65.7, -30.357, -30.0, -44.49, -30.0, -51.0, -44.91, -31.579315499999996, -51.147, -36.0, -21.3, -0.8319300000000001, -21.447000000000003, 38.788850133232096, -21.5499, -6.0, -17.78703, -48.0844026321, -30.357, -51.2499, -0.7599, -51.147],
  "(7.0, 5)": [-0.7599, -0.7599, -0.7599, -0.7599, -0.657, -0.657, -0.7599, -0.657, -0.657, -0.657, -0.657, -0.657, -0.657, -0.8319300000000001, -0.657, -0.657, -0.7599, -0.7599, -0.657, -0.657, -0.657, -0.7599, -0.657, -0.657, -0.657, -0.657, -0.8319300000000001, -0.657, -0.657, -0.657],
  "(1.0, 1)": [-19.647, -17.358871499999992, -30.0, -30.0, -30.0, -30.0, -21.3, -1.250006595000002, -30.0, -17.445465348600003, -30.0, -30.0, -30.0, -51.0, -6.0, -0.51, -51.0, -30.0, -30.0, -30.0, -55.2],
  "(4.0, 4)": [-21.3, -0.3, -0.3, 4.174875300000001, -0.51, -0.3, -0.3, -0.51, -0.51, -0.3, -0.3, 6.167719137180769, 0, 0, 0, -0.3, 0, -0.3, -21.3, 0, -0.51, -0.51, -0.657, -0.3, 0, 20.700000000000003, -0.3, -0.3, -30.0, -21.3],
  "(4.0, 2)": [-24.7580468787, 4.4879999999999995, -30.0, 0, 0, -30.21, -0.3, -9.0, 0, 0, -30.0, 0, 0, 0, 0, -0.3, 34.51017, 0, 0, 0, -0.3],
  "(3.0, 2)": [-0.51, -15.509999999999998, 9.458070000000003, -0.51, -0.51, -0.657, -0.51, -6.624787139999996, 0, 10.2, 0, 0, -0.657, -0.3, -0.3, 38.722207364436066, -30.0, -45.0129, -0.51, -30.0, -0.7599],
  "(2.5, 3)": [-29.3823312, 0, 0, 0, 0, 0, 0, 0, 0, -0.3, -0.3, 0, 0, 0, 0, 0, 0, 0, 0, 0, 0, 0, 0, -0.3, 0, 0, 0, 0, 0, 0],
  "(7.0, 4)": [-0.3, -0.3, -0.3, -0.3, -0.3, -0.51, -0.3, -0.3, -0.3, -0.3, -0.3, -0.3, -0.3, -0.657, -0.3, -0.3, -0.3, -0.3, -0.3, 0, 0, -0.3, 0, 0, 0, 0, -0.3, 0, 0, 0],
  "(5.0, 4)": [-0.3, -0.2397039613331452, -0.3, -0.3, -0.3, -0.3, -0.3, -0.3, -0.3, -0.3, -0.3, -0.657, -0.3, -0.3, -0.7599, 14.0871, -0.3, -0.3, 0, -0.51, -0.3, -0.3, 0, 0, 0, -0.3, -0.3, 0, 0, -0.51],