{
  "(10, 5, 10, 5)": [12.711733567237538, 25.66691683914181, 1.9076333407052115, 20.306044899357836, 2.0165845773854905, 14.602708905095913, 22.930727020942935, 8.138334343493655, 3.8677899669651055, 6.6205361677092815, 7.055238345506437, 17.14669450583399, 3.26589976115738, 15.166197958587748, 17.627783837677207, 73.03786576485395, 28.430825725459737, 15.17593353031086, 3.5253258722824032, 12.935497073501356, 8.690736782707809, 5.233186637019254, 12.291015863795097, 22.50639055756171, 8.647038424643839, 16.357676475148317, 4.9220622589961645, 5.070513953811775, 6.378382691403216, 5.46289829570477],
  "(6.0, 5, 6.0, 5)": [-0.1, -0.1, -0.1, -0.1, -0.1, 46.780444150650766, 0, 0, 0, 0, 0, 0, 0, 4.1199703455430265, 0, 0, 0, 0, 0, 0, 0, 0, 0, 0, 0, 0, 0, 0, 0, 0],
  "(4.0, 3, 4.0, 3)": [4.910000000000001, -1.090985498574053, -0.42154568081021715, 3.2170274756421815, 4.649639353004336, 30.642095080269513, -10.0, -10.0, -10.0, 0, 2.840123596473436, 0, 0, 5.0, 0, 6.370294157223913, 0, -15.391308446506, 0, 0, 0.7166201866165134, 0, -0.3895441051444015, 0, 2.1725444337067215, 5.607792025610999, -10.0, -0.1, 0, -0.1],
  "(8.0, 5, 8.0, 5)": [-0.1, -0.1, -0.1, 56.30112935846209, 0, 0, 0, 0, 0, 0, 0, 0, 4.557543783918933, 0, 0, 0, 0, 0, 0, 0.06661600999999999, 0, 0, 0, 0, 0, 1.40079922673782, 0, 0, 0, 0],
  "(4.0, 5, 4.0, 5)": [-0.1, -0.1, -0.060895000000000005, 21.363268446775564, 0, 0, 0, -10.0, 0, 0, 0, 0, 0, 0, 0, 0, 0, 0, 0, 0, 0, 0, 0, 0, 0, 0, 0, 0, 0, 0],
  "(2.0, 5, 2.0, 5)": [-0.1, 0, 0, 0, 0, 0, 0, 0, 0, 0, 0, 0, 0, 0, 0, 0, 0, 0, 0, 0, 0, 0, 0, 0, 0, 0, 0, 0, 0, 0],
  "(1.0, 5, 1.0, 5)": [-10.0, 0, 0, 0, 0, 0, 0, 0, 0, 0, 0, 0, 0, 0, 0, 0, 0, 0, 0, 0, -10.0, 0, 0, 0, 0, 0, 0, 0, 0, 0],
  "(6.0, 3, 6.0, 3)": [32.014274602715304, -0.1, 2.948932230828534, 81.61355645054093, 5.313593846569699, 16.919801932216807, -0.08373925836216145, 0, 2.251146469637027, 0, 7.552232939348128, 8.40305572229445, 2.0280305942739965, 0.395, 0, 23.771437104047166, 1.8386738339797657, 2.873584037605076, -0.10189, 1.7985805514341258, 2.027197928947812, 6.173893761584477, 5.271174354336382, 0, 7.1940939475175725, 7.05844680223654, 5.678524684228066, 1.5665605927173856, 1.2063568087030472, -0.17860622413966068],
  "(2.0, 1, 2.0, 1)": [-3.5206099999999996, 37.9876263123426, -0.3175877971389127, -9.457390000000002, -0.1, -9.199, -9.1, -10.0, -19.0, -9.199, -13.76691762848585, -0.1, -10.0, -13.330715570821, -4.0, 4.910000000000001, 2.803835630742144, 1.7949417933826888, -24.365602878985726, -10.0, -10.0],
  "(1.0, 1, 1.0, 1)": [-10.0, -5.5, -10.0, -10.0, -0.1, -18.319195, -0.1, -5.5, -1.0, 3.6949999999999994, -10.0, -10.0, -8.009132651143794, -10.0, -0.1, -0.1, 50.457773391788194, 0, -10.0, -9.660418666193829, 0],
  "(9.0, 5, 9.0, 5)": [1.1036073498445995, 36.30383403614157, 0, 0, 0, 0, 0, 0, 0, 0, 0, 0, 0, 0, 0, 0, 0, 0, 0, 0, 0, 0, 0, 0, 0, 0, 0, 0, 0, 0],
  "(5.0, 5, 5.0, 5)": [-0.1, 0, 0, 0, 0, 0, 0, 0, 0, 0, 0, 0, 0, 0, 0, 0, 0, 0, 0, 0, 0, 0, 0, 0, 0, 0, 0, 0, 0, 0],
  "(3.0, 5, 3.0, 5)": [-0.1, 10.394605000000002, 0, 0, 0, 0, 0, 0, 0, 0, 0, 0, 0, 0, 0, 0, 0, 0, 0, 0, 0, 0, 0, 0, 0, 0, 0, 0, 0, 0],
  "(10.0, 3, 10.0, 3)": [12.152770274552392, 5.298443381351066, 68.9280578489809, 9.16152043031864, 4.736086374571056, 13.545592124483134, -0.19, 2.904341683197156, 2.0939001570244997, 1.7937031909051113, 15.447714734572221, 0, 8.953473504404345, 4.43782134701808, 18.360253238157195, 0, 2.386722678693041, 0.5096178032445969, 0.8505562307248588, 2.827396696713252, 4.869281543253248, 15.620001345914522, 9.208606240372243, 19.301860019157008, 9.03652624564934, 6.851513260807177, 2.2789685272307088, 0.6634906821983526, 0.7534906821983527, 2.2681716594888908],
  "(8.0, 3, 8.0, 3)": [54.10192263087697, 8.75555607209691, 10.9582899821892, 22.9971472774274, 18.899757803653554, 18.7021728156005, 0, -0.07506767412147383, 2.0039001570245, 0.4847120906707981, 10.774298634035434, 14.508935087648343, 14.141165665382552, 13.879606289727821, 0, 7.231057044369973, 0.48390704302129106, 0.92129187350564, 1.2605717379202912, -0.1, 10.297027863742729, 0, 0, 0, 11.36602078597343, 8.607926342906566, 0.09857390647484376, 2.6664732132657405, 0.3165855946658237, 1.0235344659178527],
  "(9.0, 3, 9.0, 3)": [6.7188861164068445, 104.5485029632577, 5.260123750525505, 5.7788021223986865, 0, 0, 0, 0, -0.0021870099999999784, 1.230674683200663, 0, 3.3313092149784276, 0, 0, 0, 0, 0.8290215697114962, 0, -0.01188999999999999, 0, 0, 0, 11.737513199513332, 3.742938964885264, 0, 6.9117967799447175, 0.6686464538766552, 0, 0, -0.1],
  "(7.0, 3, 7.0, 3)": [9.090132917446967, -0.1, 99.13331487638568, 0, 0, 0, -0.1, 0, 0, 0, 0, 0, 0, 0, 0, 0, 0, 0, 0, 0, 0, 0, 0, 0, 0, 13.215609004858646, 0, 0.9821743955000003, 1.619741128194064, 2.7918241106925503],
  "(3.0, 3, 3.0, 3)": [31.46937504937845, 0, 0, 5.0, 0, 0, 0, 0, 0, 0, 0, 0, 0, 0, 0, 0, 0, 0, 0, 0, 0, 0, 0, 0, 0, 14.150641734463552, 0, 0, 0, 0],
  "(10.0, 1, 10.0, 1)": [-0.1, 42.67671185648185, 0, 0, 0, 0, 0, 0, 0, 0, 0, 0, 0, 0, 0, 0, 0, 0, -0.085080214854824, 0, 0],
  "(9.0, 1, 9.0, 1)": [84.6872686255793, 18.975439945447974, 0, 0, 0, -0.1, 0, 0, 0, 0, 0, 1.7678819531917846, 4.887897732553028, 0, 6.704347286594796, 0, 16.97249151945625, -0.1, 0, 2.5829000000000004, 0.22013959547937878],
  "(2.0, 3, 2.0, 3)": [-6.895720629214759, -10.0, -3.6863168180570556, -10.0, -4.0, -1.1671443320499986, -7.5620328535003605, -27.1, -10.0, -0.1, -10.0, -1.405000000000001, 3.2280900839210442, -0.9810633148944188, -19.0, -5.5, -0.1, -8.35339645, -10.0, -5.271512678375499, -9.9834364, -0.6766661380567118, -0.1, -9.299125994208676, -4.462041133594537, -0.837398446821247, -10.0, 9.251505219662441, -5.147193013285238, 0],
  "(1.0, 3, 1.0, 3)": [-0.1, -5.5, -5.5, -1.936, -0.1, 51.97020823408719, 0, -10.0, 0, -8.9236, 0, 0, 0, 0, 0, 0, 1.3414775296609658, 0, 0, 0, 0, 0, 0, 0, 0, 0, 0, 0, -10.0, 0],
  "(5.0, 3, 5.0, 3)": [94.03060448232972, 0, 0, 0, 0, 0, 0.9821743955000003, 0, 0.8900000000000001, 0, 4.962930718948895, 0, 10.495000000000001, 0, 4.510060954157653, 0, 0, 0, 1.0327062754364358, 0, 3.265086540612241, 0, 0, 0, 0, 11.386000000000001, 0, 0, 0, 0],
  "(4.0, 1, 4.0, 1)": [3.5522171649922356, 0, 0, 0, 0, 1.30809245997464, 5.653836830504542, 5.0, -0.1, 65.85355562064517, 0, 0, 0, -0.1, 0, 0, 9.923001392609777, 0, 3.0695530508240823, 0, -0.1],
  "(9.0, 4, 9.0, 4)": [-0.1, 11.47454311115743, 0, 0, 0, 0, 0, 0, 0, 0, 0, 0, 0, 0, 0, 0, 0, 0, 0, 0, 0, 0, 0, 3.099669612385316, 0, 0, 0, 0, 0, 0],
  "(7.0, 4, 7.0, 4)": [-0.1, -0.1, 3.9989523449467863, 0, 0, 0, 0, 0, 0, 0, 0, 0, 0, 0, 0, 0, 0, 0, 0, 0, 0, 0, 0, 0, 0, 0, 0, 0, 0, 0],
  "(5.0, 4, 5.0, 4)": [-0.1, 10.533578779681072, -0.1, 0, 0, 0, 0, 0, 0, 0, 0, 0, 0, 0, 0, 32.79178035855181, 0, 0, 0, 0, 0, 0, 0, 0, 0, 0, 0, 0, 0, 0],
  "(3.0, 4, 3.0, 4)": [-0.1, 24.545818708397018, 0, 0, 0, 0, 0, 0, 0, 0, 0, 0, 0, 0, 0, 0, 0, 0, 0, 0, 0, 0, 0, 0, 0, 0.8900000000000001, 0, 0, 0, 0],
  "(8.0, 1, 8.0, 1)": [80.52446239508305, 7.6609638557348125, 0, 1.174455189453061, 2.490929, 3.4923247030163225, 0, -0.1, 0, 0, 0, 0, 0, 0, 0, 0, 0, 0, 0, 0, 4.500024961788741],
  "(6.0, 1, 6.0, 1)": [74.38829099409547, 0, 0, 0, 3.1150153574000004, 0, 5.495504878988, 6.349382304466076, 0, 0, 0, 0, 0, 2.648227337382459, 0, 5.590436496165057, 0, 1.781, 1.7508351479959323, 0, 0],
  "(8.0, 4, 8.0, 4)": [-0.1, 0, 0, 0, 2.934426697124056, 0, 0, 0, 27.417518164762807, 0, 0, 0, 0, 0, 0, 0, 0, 0, 0, 0, 0, 0, 0, 0, 0, 1.438947221388627, 0, 0, 0, 0],
  "(6.0, 4, 6.0, 4)": [-0.1, -0.1, -0.1, -0.1, -0.1, -0.1, 18.799765490069802, 0, 0, 0, 0, 0, 0, 0, 0, 0, -0.1, 0, 0, 0, 0, 0, 0, 0, 0, 0, 0, 0, 0, 0],
  "(1.0, 4, 1.0, 4)": [-0.1, 18.810412193913645, 0, 0, 0, 0, 0, -10.0, 0, 0, 0, 0, 0, 0, 0, 0, 0, 0, 0, 0, 0, 0, 0, 0, 0, 0, 0, 0, 0, 0],
  "(5.0, 2, 5.0, 2)": [-0.1, 0.2555, 0, 0, 0, 0, 0, 0, 0, 0, 0, 5.109665502420334, 0, 0, 0, 2.006497378915236, 0, 55.30038124310283, 0, 0, 0],